{
  "coins": [
    {
      "coin": "DASH",
      "coinclaw": {
        "avg_loss": 0.499539344012322,
        "avg_win": 1.4937668694923776,
        "pf": 1.2073995995265698,
        "pnl": 54.91025774483703,
        "t": 744,
        "wr": 28.763440860215056
      },
      "combined": {
        "avg_loss": 0.36388595283609554,
        "avg_win": 0.514533431776474,
        "pf": 0.6072593830364146,
        "pnl": -114.47314769060586,
        "t": 1145,
        "wr": 30.043668122270745
      },
      "momentum": {
        "avg_loss": 1.210461878877193,
        "avg_win": 3.026470615834197,
        "config": {
          "act": 0.5,
          "adx": 20.0,
          "atr": 1.0,
          "move": 2.5,
          "trail": 0.75,
          "vol": 2.0
        },
        "pf": 1.4774269487317744,
        "pnl": 25.427913341092662,
        "t": 70,
        "wr": 37.142857142857146
      },
      "strat": "mean_rev"
    },
    {
      "coin": "UNI",
      "coinclaw": {
        "avg_loss": 0.4629206803439181,
        "avg_win": 0.6493524764737583,
        "pf": 0.7572403987422509,
        "pnl": -94.51026785014705,
        "t": 1295,
        "wr": 35.057915057915054
      },
      "combined": {
        "avg_loss": 0.3421336710638293,
        "avg_win": 0.33194761095777553,
        "pf": 0.24672628968975943,
        "pnl": -509.7707530524988,
        "t": 2481,
        "wr": 20.27408303103587
      },
      "momentum": {
        "avg_loss": 1.0093827103949238,
        "avg_win": 1.6550870953004473,
        "config": {
          "act": 0.0,
          "adx": 30.0,
          "atr": 0.75,
          "move": 1.5,
          "trail": 0.0,
          "vol": 2.5
        },
        "pf": 0.40992556100274635,
        "pnl": -7.147331238837742,
        "t": 15,
        "wr": 20.0
      },
      "strat": "vwap_rev"
    },
    {
      "coin": "NEAR",
      "coinclaw": {
        "avg_loss": 0.47291188472865764,
        "avg_win": 0.6809509630982221,
        "pf": 0.8096234029985947,
        "pnl": -74.45593082992505,
        "t": 1292,
        "wr": 35.9907120743034
      },
      "combined": {
        "avg_loss": 0.3423218680781771,
        "avg_win": 0.35227293764369555,
        "pf": 0.2775541103397553,
        "pnl": -492.39227182899117,
        "t": 2528,
        "wr": 21.242088607594937
      },
      "momentum": {
        "avg_loss": 0.8659120067016886,
        "avg_win": 1.478629902356992,
        "config": {
          "act": 0.8,
          "adx": 20.0,
          "atr": 0.75,
          "move": 2.5,
          "trail": 1.0,
          "vol": 2.0
        },
        "pf": 1.6008734406396086,
        "pnl": 8.324856428127857,
        "t": 31,
        "wr": 48.38709677419355
      },
      "strat": "vwap_rev"
    },
    {
      "coin": "ADA",
      "coinclaw": {
        "avg_loss": 0.4519284645343571,
        "avg_win": 0.5562454678368612,
        "pf": 0.7096245814840964,
        "pnl": -106.29542279301361,
        "t": 1277,
        "wr": 36.57008613938919
      },
      "combined": {
        "avg_loss": 0.3346150629880758,
        "avg_win": 0.32626335046529864,
        "pf": 0.22023123110236267,
        "pnl": -540.6311624935393,
        "t": 2540,
        "wr": 18.425196850393704
      },
      "momentum": {
        "avg_loss": 0.6062148638542507,
        "avg_win": 0.8821382590240348,
        "config": {
          "act": 0.8,
          "adx": 30.0,
          "atr": 0.75,
          "move": 1.0,
          "trail": 1.0,
          "vol": 2.5
        },
        "pf": 0.848842022489689,
        "pnl": -1.0996105530827651,
        "t": 19,
        "wr": 36.84210526315789
      },
      "strat": "vwap_rev"
    },
    {
      "coin": "LTC",
      "coinclaw": {
        "avg_loss": 0.429886787556735,
        "avg_win": 0.45844564640193725,
        "pf": 0.596677534420572,
        "pnl": -126.74297232558219,
        "t": 1140,
        "wr": 35.877192982456144
      },
      "combined": {
        "avg_loss": 0.3265230405105822,
        "avg_win": 0.2800335967008715,
        "pf": 0.15705966022740706,
        "pnl": -551.5798431939912,
        "t": 2371,
        "wr": 15.47870097005483
      },
      "momentum": {
        "avg_loss": 0.9023468246139466,
        "avg_win": 0.7154820113506373,
        "config": {
          "act": 0.5,
          "adx": 30.0,
          "atr": 1.5,
          "move": 1.0,
          "trail": 0.75,
          "vol": 2.5
        },
        "pf": 0.1585824855441241,
        "pnl": -3.7962521117190953,
        "t": 6,
        "wr": 16.666666666666664
      },
      "strat": "vwap_rev"
    },
    {
      "coin": "SHIB",
      "coinclaw": {
        "avg_loss": 0.44694409250317607,
        "avg_win": 0.5300560951603104,
        "pf": 0.5778105480575536,
        "pnl": -154.9186618809819,
        "t": 1221,
        "wr": 32.76003276003276
      },
      "combined": {
        "avg_loss": 0.33350086701326104,
        "avg_win": 0.27956721467153184,
        "pf": 0.19224775693127152,
        "pnl": -563.8250516164217,
        "t": 2573,
        "wr": 18.655266226195103
      },
      "momentum": {
        "avg_loss": 0.7762040878458177,
        "avg_win": 1.5125349739968863,
        "config": {
          "act": 0.5,
          "adx": 30.0,
          "atr": 0.75,
          "move": 2.5,
          "trail": 0.75,
          "vol": 2.0
        },
        "pf": 1.4171858314827686,
        "pnl": 3.562034825671093,
        "t": 19,
        "wr": 42.10526315789473
      },
      "strat": "vwap_rev"
    },
    {
      "coin": "LINK",
      "coinclaw": {
        "avg_loss": 0.44347293753861017,
        "avg_win": 0.5547038269933036,
        "pf": 0.7661898702436885,
        "pnl": -76.00364489580706,
        "t": 1182,
        "wr": 37.98646362098139
      },
      "combined": {
        "avg_loss": 0.3340699115539259,
        "avg_win": 0.3326384632897848,
        "pf": 0.24998356388180906,
        "pnl": -473.05336141445594,
        "t": 2362,
        "wr": 20.067739204064353
      },
      "momentum": {
        "avg_loss": 0.9758522443331114,
        "avg_win": 0.5791586606931964,
        "config": {
          "act": 0.8,
          "adx": 30.0,
          "atr": 1.5,
          "move": 1.0,
          "trail": 1.0,
          "vol": 2.5
        },
        "pf": 0.11869802299609164,
        "pnl": -8.600205121944722,
        "t": 12,
        "wr": 16.666666666666664
      },
      "strat": "vwap_rev"
    },
    {
      "coin": "ETH",
      "coinclaw": {
        "avg_loss": 0.41956538662757425,
        "avg_win": 0.5540673518914614,
        "pf": 0.6187937903063797,
        "pnl": -117.07676131261447,
        "t": 1075,
        "wr": 31.906976744186043
      },
      "combined": {
        "avg_loss": 0.3168471431210597,
        "avg_win": 0.33069902090927955,
        "pf": 0.18550134398957838,
        "pnl": -493.6909176814347,
        "t": 2253,
        "wr": 15.090989791389259
      },
      "momentum": {
        "avg_loss": 1.0260890556479088,
        "avg_win": 0.0,
        "config": {
          "act": 0.0,
          "adx": 30.0,
          "atr": 1.0,
          "move": 2.5,
          "trail": 0.0,
          "vol": 2.0
        },
        "pf": 0.0,
        "pnl": -2.0521781112958175,
        "t": 2,
        "wr": 0.0
      },
      "strat": "vwap_rev"
    },
    {
      "coin": "DOT",
      "coinclaw": {
        "avg_loss": 0.4647595644222069,
        "avg_win": 0.5856413245686932,
        "pf": 0.7370672151657461,
        "pnl": -95.68301229012538,
        "t": 1241,
        "wr": 36.90572119258662
      },
      "combined": {
        "avg_loss": 0.3367179590858622,
        "avg_win": 0.30417653901052094,
        "pf": 0.21483084715523476,
        "pnl": -536.9569065613098,
        "t": 2514,
        "wr": 19.212410501193318
      },
      "momentum": {
        "avg_loss": 0.6090145412401208,
        "avg_win": 1.7653146689168928,
        "config": {
          "act": 0.5,
          "adx": 25.0,
          "atr": 0.75,
          "move": 2.5,
          "trail": 0.75,