{
  "best_by_mode": {
    "none": {
      "combo_key": "none_0.003_0.0_0.0",
      "score": 1.8474175520686553,
      "avg_wr": 49.58237888284062,
      "avg_pf": 2.623622735087667,
      "avg_pnl": 18.634188042304245,
      "avg_net_impact": 0,
      "initial_sl": 0.003,
      "trail_activation": 0.0,
      "trail_distance": 0.0
    },
    "breakeven": {
      "combo_key": "breakeven_0.003_0.005_0.0",
      "score": 1.585303420116409,
      "avg_wr": 42.647989997422854,
      "avg_pf": 2.4275216547997345,
      "avg_pnl": 15.221003980472814,
      "avg_net_impact": 5.777777777777778,
      "initial_sl": 0.003,
      "trail_activation": 0.005,
      "trail_distance": 0.0
    },
    "trail": {
      "combo_key": "trail_0.003_0.005_0.001",
      "score": 1.7343439617175964,
      "avg_wr": 56.204844979884,
      "avg_pf": 2.3133873447318,
      "avg_pnl": 11.883096308097045,
      "avg_net_impact": -9.61111111111111,
      "initial_sl": 0.003,
      "trail_activation": 0.005,
      "trail_distance": 0.001
    }
  },
  "best_overall": {
    "combo_key": "none_0.003_0.0_0.0",
    "trail_mode": "none",
    "initial_sl": 0.003,
    "trail_activation": 0.0,
    "trail_distance": 0.0,
    "avg_wr": 49.58237888284062,
    "avg_pf": 2.623622735087667,
    "avg_pnl": 18.634188042304245
  },
  "best_per_coin": {
    "DASH": {
      "trail_mode": "trail",
      "initial_sl": 0.003,
      "trail_activation": 0.005,
      "trail_distance": 0.003,
      "wr": 47.82608695652174,
      "pf": 3.32962286195799,
      "pnl": 61.73612717636484,
      "trail_exits": 165,
      "trail_saves": 90,
      "trail_premature": 72,
      "net_impact": 18
    },
    "UNI": {
      "trail_mode": "trail",
      "initial_sl": 0.003,
      "trail_activation": 0.002,
      "trail_distance": 0.001,
      "wr": 59.006211180124225,
      "pf": 3.063797723424948,
      "pnl": 17.02876455022397,
      "trail_exits": 120,
      "trail_saves": 57,
      "trail_premature": 59,
      "net_impact": -2
    },
    "NEAR": {
      "trail_mode": "trail",
      "initial_sl": 0.003,
      "trail_activation": 0.005,
      "trail_distance": 0.003,
      "wr": 61.72839506172839,
      "pf": 4.317104458741504,
      "pnl": 13.420666346493093,
      "trail_exits": 48,
      "trail_saves": 23,
      "trail_premature": 20,
      "net_impact": 3
    },
    "ADA": {
      "trail_mode": "trail",
      "initial_sl": 0.003,
      "trail_activation": 0.003,
      "trail_distance": 0.001,
      "wr": 56.36363636363636,
      "pf": 1.9226510917983883,
      "pnl": 5.584608033130181,
      "trail_exits": 72,
      "trail_saves": 33,
      "trail_premature": 33,
      "net_impact": 0
    },
    "LTC": {
      "trail_mode": "none",
      "initial_sl": 0.005,
      "trail_activation": 0.0,
      "trail_distance": 0.0,
      "wr": 69.64285714285714,
      "pf": 3.562654766063564,
      "pnl": 11.439967165859997,
      "trail_exits": 0,
      "trail_saves": 0,
      "trail_premature": 0,
      "net_impact": 0
    },
    "SHIB": {
      "trail_mode": "none",
      "initial_sl": 0.007,
      "trail_activation": 0.0,
      "trail_distance": 0.0,
      "wr": 63.41463414634146,
      "pf": 1.8204210530705236,
      "pnl": 4.352800883439443,
      "trail_exits": 0,
      "trail_saves": 0,
      "trail_premature": 0,
      "net_impact": 0
    },
    "LINK": {
      "trail_mode": "none",
      "initial_sl": 0.01,
      "trail_activation": 0.0,
      "trail_distance": 0.0,
      "wr": 85.18518518518519,
      "pf": 4.217569232759262,
      "pnl": 12.070909804231164,
      "trail_exits": 0,
      "trail_saves": 0,
      "trail_premature": 0,
      "net_impact": 0
    },
    "ETH": {
      "trail_mode": "none",
      "initial_sl": 0.005,
      "trail_activation": 0.0,
      "trail_distance": 0.0,
      "wr": 80.0,
      "pf": 4.73478527975267,
      "pnl": 6.7253197054120335,
      "trail_exits": 0,
      "trail_saves": 0,
      "trail_premature": 0,
      "net_impact": 0
    },
    "DOT": {
      "trail_mode": "none",
      "initial_sl": 0.003,
      "trail_activation": 0.0,
      "trail_distance": 0.0,
      "wr": 52.083333333333336,
      "pf": 4.229536517930282,
      "pnl": 24.781500229780008,
      "trail_exits": 0,
      "trail_saves": 0,
      "trail_premature": 0,
      "net_impact": 0
    },
    "XRP": {
      "trail_mode": "none",
      "initial_sl": 0.01,
      "trail_activation": 0.0,
      "trail_distance": 0.0,
      "wr": 79.62962962962963,
      "pf": 1.7988415697413684,
      "pnl": 4.457268354601865,
      "trail_exits": 0,
      "trail_saves": 0,
      "trail_premature": 0,
      "net_impact": 0
    },
    "ATOM": {
      "trail_mode": "trail",
      "initial_sl": 0.003,
      "trail_activation": 0.003,
      "trail_distance": 0.002,
      "wr": 53.100775193798455,
      "pf": 1.922166026317474,
      "pnl": 13.611932373188864,
      "trail_exits": 164,
      "trail_saves": 87,
      "trail_premature": 70,
      "net_impact": 17
    },
    "SOL": {
      "trail_mode": "none",
      "initial_sl": 0.007,
      "trail_activation": 0.0,
      "trail_distance": 0.0,
      "wr": 80.0,
      "pf": 2.3957007525107095,
      "pnl": 4.986052078879723,
      "trail_exits": 0,
      "trail_saves": 0,
      "trail_premature": 0,
      "net_impact": 0
    },
    "DOGE": {
      "trail_mode": "none",
      "initial_sl": 0.003,
      "trail_activation": 0.0,
      "trail_distance": 0.0,
      "wr": 50.775193798449614,
      "pf": 1.9454224630818475,
      "pnl": 19.60188041253552,
      "trail_exits": 0,
      "trail_saves": 0,
      "trail_premature": 0,
      "net_impact": 0
    },
    "XLM": {
      "trail_mode": "trail",
      "initial_sl": 0.003,
      "trail_activation": 0.002,
      "trail_distance": 0.001,
      "wr": 54.42622950819672,
      "pf": 2.081033062277123,
      "pnl": 14.755101235406329,
      "trail_exits": 225,
      "trail_saves": 94,
      "trail_premature": 121,
      "net_impact": -27
    },
    "AVAX": {
      "trail_mode": "none",
      "initial_sl": 0.003,
      "trail_activation": 0.0,
      "trail_distance": 0.0,
      "wr": 52.103559870550164,
      "pf": 2.133666194674024,
      "pnl": 28.456773770279963,
      "trail_exits": 0,
      "trail_saves": 0,
      "trail_premature": 0,
      "net_impact": 0
    },
    "ALGO": {
      "trail_mode": "none",
      "initial_sl": 0.007,
      "trail_activation": 0.0,
      "trail_distance": 0.0,
      "wr": 66.53846153846153,
      "pf": 1.646752485749866,
      "pnl": 21.29238422872831,
      "trail_exits": 0,
      "trail_saves": 0,
      "trail_premature": 0,
      "net_impact": 0
    },
    "BNB": {
      "trail_mode": "none",
      "initial_sl": 0.003,
      "trail_activation": 0.0,
      "trail_distance": 0.0,
      "wr": 53.0,
      "pf": 2.0219801436755755,
      "pnl": 7.432824970671974,
      "trail_exits": 0,
      "trail_saves": 0,
      "trail_premature": 0,
      "net_impact": 0
    },
    "BTC": {
      "trail_mode": "none",
      "initial_sl": 0.003,
      "trail_activation": 0.0,
      "trail_distance": 0.0,
      "wr": 60.68376068376068,
      "pf": 1.5384745935670683,
      "pnl": 7.670126543559676,
      "trail_exits": 0,
      "trail_saves": 0,
      "trail_premature": 0,
      "net_impact": 0
    }
  },
  "baseline_key": "none_0.005_0.0_0.0",
  "total_combos": 84,
  "total_backtests": 1512
}