{
  "seed_params": {
    "stop_loss": 0.005,
    "min_hold": 2,
    "z_threshold": -1.5,
    "bb_margin": 1.02,
    "vol_mult": 1.2,
    "adr_pct": 0.25,
    "exit_z": 0.5
  },
  "evolved_params": {
    "stop_loss": 0.002,
    "min_hold": 3,
    "z_threshold": -2.5,
    "bb_margin": 1.0,
    "vol_mult": 2.0,
    "adr_pct": 0.15,
    "exit_z": 0.7745
  },
  "seed_fitness": 1.7845248041284216,
  "evolved_fitness": 3.327190312174982,
  "seed_results": {
    "DASH": {
      "pf": 2.2393995799763853,
      "pnl": 124.58312080475883,
      "trades": 429,
      "wr": 38.22843822843823
    },
    "UNI": {
      "pf": 2.135886608187037,
      "pnl": 90.36207735618495,
      "trades": 431,
      "wr": 46.8677494199536
    },
    "NEAR": {
      "pf": 2.0047227373786227,
      "pnl": 76.98735994678745,
      "trades": 404,
      "wr": 43.06930693069307
    },
    "ADA": {
      "pf": 1.993898959763151,
      "pnl": 73.03528861674747,
      "trades": 433,
      "wr": 48.49884526558891
    },
    "LTC": {
      "pf": 1.8763081910516557,
      "pnl": 50.02951916920302,
      "trades": 386,
      "wr": 51.554404145077726
    },
    "SHIB": {
      "pf": 1.8541913643251005,
      "pnl": 52.53493357958661,
      "trades": 392,
      "wr": 48.97959183673469
    },
    "LINK": {
      "pf": 1.8327893467967264,
      "pnl": 55.3356556737271,
      "trades": 404,
      "wr": 47.02970297029702
    },
    "ETH": {
      "pf": 1.8132833190747264,
      "pnl": 50.149134353590426,
      "trades": 421,
      "wr": 52.01900237529691
    },
    "DOT": {
      "pf": 1.8117925520864364,
      "pnl": 57.34441443001731,
      "trades": 415,
      "wr": 45.54216867469879
    },
    "XRP": {
      "pf": 1.7563727237437854,
      "pnl": 49.202497085893214,
      "trades": 425,
      "wr": 49.64705882352941
    },
    "ATOM": {
      "pf": 1.7089744190964242,
      "pnl": 42.742920340036704,
      "trades": 382,
      "wr": 46.8586387434555
    },
    "SOL": {
      "pf": 1.7069143536552558,
      "pnl": 47.91337044165104,
      "trades": 439,
      "wr": 48.9749430523918
    },
    "DOGE": {
      "pf": 1.6923301414238259,
      "pnl": 95.32914935909997,
      "trades": 924,
      "wr": 57.683982683982684
    },
    "XLM": {
      "pf": 1.617647434010545,
      "pnl": 88.20245243121738,
      "trades": 831,
      "wr": 50.18050541516246
    },
    "AVAX": {
      "pf": 1.592508756540812,
      "pnl": 68.52132228060134,
      "trades": 717,
      "wr": 50.348675034867505
    },
    "ALGO": {
      "pf": 1.5544418823922388,
      "pnl": 69.2562834938517,
      "trades": 740,
      "wr": 48.10810810810811
    },
    "BNB": {
      "pf": 1.486254321653854,
      "pnl": 26.381805251057827,
      "trades": 402,
      "wr": 51.49253731343284
    },
    "BTC": {
      "pf": 1.443729783155008,
      "pnl": 37.647035281977736,
      "trades": 915,
      "wr": 68.1967213114754
    }
  },
  "evolved_results": {
    "DASH": {
      "pf": 5.4531359898172695,
      "pnl": 37.80059212919875,
      "trades": 101,
      "wr": 27.722772277227726
    },
    "UNI": {
      "pf": 2.4589641571248473,
      "pnl": 14.330408137979461,
      "trades": 117,
      "wr": 20.51282051282051
    },
    "NEAR": {
      "pf": 3.782073643690218,
      "pnl": 22.906261506034426,
      "trades": 106,
      "wr": 29.245283018867923
    },
    "ADA": {
      "pf": 3.5102435984898217,
      "pnl": 22.612892666173806,
      "trades": 119,
      "wr": 31.092436974789916
    },
    "LTC": {
      "pf": 3.0515645489286296,
      "pnl": 17.159793747026228,
      "trades": 113,
      "wr": 30.973451327433626
    },
    "SHIB": {
      "pf": 3.1935507019205738,
      "pnl": 16.11539825353813,
      "trades": 95,
      "wr": 27.368421052631582
    },
    "LINK": {
      "pf": 3.811761470304887,
      "pnl": 26.705867143389757,
      "trades": 120,
      "wr": 29.166666666666668
    },
    "ETH": {
      "pf": 3.068474399138413,
      "pnl": 21.278316108606845,
      "trades": 142,
      "wr": 33.80281690140845
    },
    "DOT": {
      "pf": 3.803386545714478,
      "pnl": 25.553014083916846,
      "trades": 117,
      "wr": 29.914529914529915
    },
    "XRP": {
      "pf": 4.578989765264593,
      "pnl": 29.637351245615605,
      "trades": 119,
      "wr": 38.655462184873954
    },
    "ATOM": {
      "pf": 3.468802669776602,
      "pnl": 16.081654622185454,
      "trades": 87,
      "wr": 29.88505747126437
    },
    "SOL": {
      "pf": 2.611583740571968,
      "pnl": 16.555598148426725,
      "trades": 131,
      "wr": 26.717557251908396
    },
    "DOGE": {
      "pf": 3.3814920846702248,
      "pnl": 41.48806580775454,
      "trades": 224,
      "wr": 34.375
    },
    "XLM": {
      "pf": 2.4714638044653063,
      "pnl": 40.01077231722007,
      "trades": 332,
      "wr": 30.42168674698795
    },
    "AVAX": {
      "pf": 2.372629488832295,
      "pnl": 76.08547893797808,
      "trades": 616,
      "wr": 32.62987012987013
    },
    "ALGO": {
      "pf": 2.657335811345669,
      "pnl": 101.05206427995282,
      "trades": 637,
      "wr": 33.437990580847725
    },
    "BNB": {
      "pf": 4.192001868909007,
      "pnl": 29.684447165689733,
      "trades": 137,
      "wr": 40.14598540145985
    },
    "BTC": {
      "pf": 2.02197133018487,
      "pnl": 14.90537819545375,
      "trades": 212,
      "wr": 35.37735849056604
    }
  }
}