{
  "best_config": "TB4_ST0.003",
  "twap_bars": 4,
  "twap_sl_trigger": 0.003,
  "windows": [
    {
      "window": 1,
      "train_pnl_baseline": 9.006935119692699,
      "train_pnl_best": -0.02213756525625854,
      "train_delta": -9.029072684948957,
      "test_pnl_baseline": 4.128774221008186,
      "test_pnl_best": 1.9549188656193337,
      "test_delta": -2.173855355388852,
      "test_wr_baseline": 51.28205128205128,
      "test_wr_best": 50.0,
      "test_trades": 194,
      "pass": false
    },
    {
      "window": 2,
      "train_pnl_baseline": 7.4467694677883145,
      "train_pnl_best": 1.3040313942904334,
      "train_delta": -6.142738073497881,
      "test_pnl_baseline": 3.107161527318823,
      "test_pnl_best": -1.2702572857315033,
      "test_delta": -4.377418813050326,
      "test_wr_baseline": 37.03703703703704,
      "test_wr_best": 35.18518518518518,
      "test_trades": 162,
      "pass": false
    },
    {
      "window": 3,
      "train_pnl_baseline": 7.255857664168786,
      "train_pnl_best": 0.6811068294806404,
      "train_delta": -6.574750834688146,
      "test_pnl_baseline": 2.5493375620103365,
      "test_pnl_best": 0.3837191558907449,
      "test_delta": -2.1656184061195916,
      "test_wr_baseline": 41.21621621621622,
      "test_wr_best": 40.54054054054054,
      "test_trades": 148,
      "pass": false
    }
  ]
}