{
  "run": "RUN11c.3",
  "coin": "DASH/USDT",
  "results": [
    {
      "strategy": "vwap_rev",
      "exit_mode": "signal_only",
      "trades": 270,
      "wins": 169,
      "win_rate": 62.59259259259259,
      "profit_factor": 0.8618423530497937,
      "pnl_pct": -3.6565014078902642,
      "avg_win_pct": 1.336682100523426,
      "avg_loss_pct": -2.5951689158922364,
      "avg_hold": 14.218518518518518,
      "sl_exits": 0,
      "sma20_exits": 241,
      "z_rev_exits": 3,
      "max_hold_exits": 26,
      "month_wr": [
        66.66666666666666,
        58.18181818181818,
        66.66666666666666,
        61.40350877192983,
        60.0
      ],
      "month_trades": [
        54,
        55,
        54,
        57,
        50
      ]
    },
    {
      "strategy": "vwap_rev",
      "exit_mode": "signal_05",
      "trades": 351,
      "wins": 133,
      "win_rate": 37.89173789173789,
      "profit_factor": 1.2720443018404688,
      "pnl_pct": 4.749372482222553,
      "avg_win_pct": 1.6481906112749973,
      "avg_loss_pct": -0.7904972189810421,
      "avg_hold": 5.4586894586894585,
      "sl_exits": 215,
      "sma20_exits": 133,
      "z_rev_exits": 3,
      "max_hold_exits": 0,
      "month_wr": [
        32.35294117647059,
        31.428571428571427,
        48.484848484848484,
        32.926829268292686,
        46.15384615384615
      ],
      "month_trades": [
        68,
        70,
        66,
        82,
        65
      ]
    },
    {
      "strategy": "vwap_rev",
      "exit_mode": "signal_10",
      "trades": 322,
      "wins": 146,
      "win_rate": 45.3416149068323,
      "profit_factor": 1.072923008390564,
      "pnl_pct": 1.5065160419616042,
      "avg_win_pct": 1.5615400168561318,
      "avg_loss_pct": -1.2073265396898807,
      "avg_hold": 7.354037267080745,
      "sl_exits": 161,
      "sma20_exits": 158,
      "z_rev_exits": 3,
      "max_hold_exits": 0,
      "month_wr": [
        44.61538461538462,
        38.46153846153847,
        56.451612903225815,
        38.35616438356164,
        50.877192982456144
      ],
      "month_trades": [
        65,
        65,
        62,
        73,
        57
      ]
    },
    {
      "strategy": "ctrl_mean_rev",
      "exit_mode": "signal_only",
      "trades": 293,
      "wins": 190,
      "win_rate": 64.84641638225256,
      "profit_factor": 0.8969821408082499,
      "pnl_pct": -2.9940303442542606,
      "avg_win_pct": 1.34176236847238,
      "avg_loss_pct": -2.759358875230661,
      "avg_hold": 14.071672354948806,
      "sl_exits": 0,
      "sma20_exits": 261,
      "z_rev_exits": 3,
      "max_hold_exits": 29,
      "month_wr": [
        69.49152542372882,
        59.64912280701754,
        67.79661016949152,
        65.07936507936508,
        61.81818181818181
      ],
      "month_trades": [
        59,
        57,
        59,
        63,
        55
      ]
    },
    {
      "strategy": "ctrl_mean_rev",
      "exit_mode": "signal_05",
      "trades": 380,
      "wins": 144,
      "win_rate": 37.89473684210527,
      "profit_factor": 1.1994457116394128,
      "pnl_pct": 3.7635013752949815,
      "avg_win_pct": 1.5614579877009362,
      "avg_loss_pct": -0.7943285945735379,
      "avg_hold": 5.336842105263158,
      "sl_exits": 234,
      "sma20_exits": 143,
      "z_rev_exits": 3,
      "max_hold_exits": 0,
      "month_wr": [
        32.432432432432435,
        29.72972972972973,
        52.054794520547944,
        34.090909090909086,
        42.25352112676056
      ],
      "month_trades": [
        74,
        74,
        73,
        88,
        71
      ]
    },
    {
      "strategy": "ctrl_mean_rev",
      "exit_mode": "signal_10",
      "trades": 351,
      "wins": 159,
      "win_rate": 45.2991452991453,
      "profit_factor": 1.000724656478365,
      "pnl_pct": -0.03464175667904783,
      "avg_win_pct": 1.4760539239424335,
      "avg_loss_pct": -1.2214720081609725,
      "avg_hold": 7.239316239316239,
      "sl_exits": 178,
      "sma20_exits": 170,
      "z_rev_exits": 3,
      "max_hold_exits": 0,
      "month_wr": [
        43.05555555555556,
        36.231884057971016,
        58.82352941176471,
        41.25,
        48.38709677419355
      ],
      "month_trades": [
        72,
        69,
        68,
        80,
        62
      ]
    },
    {
      "strategy": "ou_dev1.5",
      "exit_mode": "signal_only",
      "trades": 70,
      "wins": 47,
      "win_rate": 67.14285714285714,
      "profit_factor": 1.8574006277243384,
      "pnl_pct": 2.848910804679872,
      "avg_win_pct": 1.3010758294950635,
      "avg_loss_pct": -1.4314198744367963,
      "avg_hold": 13.514285714285714,
      "sl_exits": 0,
      "sma20_exits": 68,
      "z_rev_exits": 0,
      "max_hold_exits": 2,
      "month_wr": [
        90.0,
        52.94117647058824,
        60.0,
        88.88888888888889,
        64.28571428571429
      ],
      "month_trades": [
        10,
        17,
        20,
        9,
        14
      ]
    },
    {
      "strategy": "ou_dev1.5",
      "exit_mode": "signal_05",
      "trades": 84,
      "wins": 29,
      "win_rate": 34.523809523809526,
      "profit_factor": 1.1896249574843547,
      "pnl_pct": 0.8296348644059072,
      "avg_win_pct": 1.8049482113555713,
      "avg_loss_pct": -0.7999999999999995,
      "avg_hold": 5.166666666666667,
      "sl_exits": 55,
      "sma20_exits": 29,
      "z_rev_exits": 0,
      "max_hold_exits": 0,
      "month_wr": [
        36.36363636363637,
        36.36363636363637,
        22.727272727272727,
        38.46153846153847,
        43.75
      ],
      "month_trades": [
        11,
        22,
        22,
        13,
        16
      ]
    },
    {
      "strategy": "ou_dev1.5",
      "exit_mode": "signal_10",
      "trades": 79,
      "wins": 38,
      "win_rate": 48.10126582278481,
      "profit_factor": 1.1152617690127375,
      "pnl_pct": 0.5655358442946999,
      "avg_win_pct": 1.4606165257418278,
      "avg_loss_pct": -1.2138335442161452,
      "avg_hold": 7.632911392405063,
      "sl_exits": 38,
      "sma20_exits": 41,
      "z_rev_exits": 0,
      "max_hold_exits": 0,
      "month_wr": [
        54.54545454545454,
        47.368421052631575,
        38.095238095238095,
        50.0,
        56.25
      ],
      "month_trades": [
        11,
        19,
        21,
        12,
        16
      ]
    },
    {
      "strategy": "ou_dev2.0",
      "exit_mode": "signal_only",
      "trades": 54,
      "wins": 40,
      "win_rate": 74.07407407407408,
      "profit_factor": 1.924276510827755,
      "pnl_pct": 2.4815133680980397,
      "avg_win_pct": 1.2817703294013596,
      "avg_loss_pct": -1.9031573272031437,
      "avg_hold": 13.592592592592593,
      "sl_exits": 0,
      "sma20_exits": 52,
      "z_rev_exits": 0,
      "max_hold_exits": 2,
      "month_wr": [
        87.5,
        58.333333333333336,
        80.0,
        87.5,
        63.63636363636363
      ],
      "month_trades": [
        8,
        12,
        15,
        8,
        11
      ]
    },
    {
      "strategy": "ou_dev2.0",
      "exit_mode": "signal_05",
      "trades": 56,
      "wins": 24,
      "win_rate": 42.857142857142854,
      "profit_factor": 1.4031423249827515,
      "pnl_pct": 1.032235727876632,
      "avg_win_pct": 1.496685146648269,
      "avg_loss_pct": -0.8000000000000004,
      "avg_hold": 6.375,
      "sl_exits": 32,
      "sma20_exits": 24,
      "z_rev_exits": 0,
      "max_hold_exits": 0,
      "month_wr": [
        25.0,
        41.66666666666667,
        60.0,
        22.22222222222222,
        50.0
      ],
      "month_trades": [
        8,
        12,
        15,
        9,
        12
      ]
    },
    {
      "strategy": "ou_dev2.0",
      "exit_mode": "signal_10",
      "trades": 56,
      "wins": 34,
      "win_rate": 60.71428571428571,
      "profit_factor": 1.744329924217243,
      "pnl_pct": 1.8771024163758556,
      "avg_win_pct": 1.2860418827595554,
      "avg_loss_pct": -1.1394170596755446,