{
  "experiment": "Bayesian Entry Gate vs COINCLAW Primary Strategies (corrected)",
  "train_test_split": "50/50 — first 6 months train, last 6 months OOS test",
  "per_coin": [
    {
      "coin": "DASH",
      "strategy": "mean_rev",
      "train_trades": 953,
      "model_cells": 15,
      "binary": {
        "n_trades": 1106,
        "win_rate": 29.38517179023508,
        "profit_factor": 2.528275254072149,
        "sharpe": 4.067151530952369,
        "max_drawdown": 4.981847158036308,
        "total_pnl": 3181.72870644105
      },
      "bay60": {
        "n_trades": 0,
        "win_rate": 0.0,
        "profit_factor": 0.0,
        "sharpe": 0.0,
        "max_drawdown": 0.0,
        "total_pnl": 0.0
      },
      "bay55": {
        "n_trades": 14,
        "win_rate": 35.714285714285715,
        "profit_factor": 3.921131253870836,
        "sharpe": 5.211876756738784,
        "max_drawdown": 0.8977500033770198,
        "total_pnl": 7.972624918644177
      }
    },
    {
      "coin": "UNI",
      "strategy": "vwap_rev",
      "train_trades": 1931,
      "model_cells": 25,
      "binary": {
        "n_trades": 1970,
        "win_rate": 40.609137055837564,
        "profit_factor": 1.706881487759078,
        "sharpe": 2.9042710207306475,
        "max_drawdown": 5.643966617420846,
        "total_pnl": 1016.9399966015117
      },
      "bay60": {
        "n_trades": 0,
        "win_rate": 0.0,
        "profit_factor": 0.0,
        "sharpe": 0.0,
        "max_drawdown": 0.0,
        "total_pnl": 0.0
      },
      "bay55": {
        "n_trades": 0,
        "win_rate": 0.0,
        "profit_factor": 0.0,
        "sharpe": 0.0,
        "max_drawdown": 0.0,
        "total_pnl": 0.0
      }
    },
    {
      "coin": "NEAR",
      "strategy": "vwap_rev",
      "train_trades": 1956,
      "model_cells": 22,
      "binary": {
        "n_trades": 1944,
        "win_rate": 38.477366255144034,
        "profit_factor": 1.7782271223542456,
        "sharpe": 3.1732614342166126,
        "max_drawdown": 6.453285062330962,
        "total_pnl": 1440.9179951920232
      },
      "bay60": {
        "n_trades": 31,
        "win_rate": 35.483870967741936,
        "profit_factor": 2.260553993178105,
        "sharpe": 4.964076845148161,
        "max_drawdown": 1.4917679977135514,
        "total_pnl": 7.750028152881641
      },
      "bay55": {
        "n_trades": 163,
        "win_rate": 35.58282208588957,
        "profit_factor": 1.577650178189495,
        "sharpe": 2.460146384160957,
        "max_drawdown": 4.413134083694121,
        "total_pnl": 19.45585309461381
      }
    },
    {
      "coin": "ADA",
      "strategy": "vwap_rev",
      "train_trades": 1800,
      "model_cells": 23,
      "binary": {
        "n_trades": 1937,
        "win_rate": 42.7465152297367,
        "profit_factor": 1.6032150098155815,
        "sharpe": 2.709486789049387,
        "max_drawdown": 6.147102899578209,
        "total_pnl": 600.0497018135053
      },
      "bay60": {
        "n_trades": 17,
        "win_rate": 52.94117647058824,
        "profit_factor": 2.4369339398284238,
        "sharpe": 6.113056082961861,
        "max_drawdown": 0.8977500033770036,
        "total_pnl": 3.4826670796170767
      },
      "bay55": {
        "n_trades": 17,
        "win_rate": 52.94117647058824,
        "profit_factor": 2.4369339398284238,
        "sharpe": 6.113056082961861,
        "max_drawdown": 0.8977500033770036,
        "total_pnl": 3.4826670796170767
      }
    },
    {
      "coin": "LTC",
      "strategy": "vwap_rev",
      "train_trades": 1695,
      "model_cells": 23,
      "binary": {
        "n_trades": 1732,
        "win_rate": 45.55427251732102,
        "profit_factor": 1.60900741395195,
        "sharpe": 2.571077881588803,
        "max_drawdown": 4.888203810448477,
        "total_pnl": 427.89815741842966
      },
      "bay60": {
        "n_trades": 128,
        "win_rate": 47.65625,
        "profit_factor": 1.7741298003289137,
        "sharpe": 3.322862096563021,
        "max_drawdown": 2.6691437126907154,
        "total_pnl": 16.33252882488423
      },
      "bay55": {
        "n_trades": 1103,
        "win_rate": 51.13327289211242,
        "profit_factor": 1.408776559377236,
        "sharpe": 2.1011660769563205,
        "max_drawdown": 4.4540129528217705,
        "total_pnl": 86.34078246513475
      }
    },
    {
      "coin": "SHIB",
      "strategy": "vwap_rev",
      "train_trades": 1781,
      "model_cells": 23,
      "binary": {
        "n_trades": 1850,
        "win_rate": 42.59459459459459,
        "profit_factor": 1.4393559585107163,
        "sharpe": 2.030742772432633,
        "max_drawdown": 7.045819708177284,
        "total_pnl": 287.5497865856869
      },
      "bay60": {
        "n_trades": 0,
        "win_rate": 0.0,
        "profit_factor": 0.0,
        "sharpe": 0.0,
        "max_drawdown": 0.0,
        "total_pnl": 0.0
      },
      "bay55": {
        "n_trades": 21,
        "win_rate": 19.047619047619047,
        "profit_factor": 0.5407423664928134,
        "sharpe": -4.429155950974902,
        "max_drawdown": 2.4395038305266166,
        "total_pnl": -2.3337831202155392
      }
    },
    {
      "coin": "LINK",
      "strategy": "vwap_rev",
      "train_trades": 1858,
      "model_cells": 22,
      "binary": {
        "n_trades": 1830,
        "win_rate": 43.55191256830601,
        "profit_factor": 1.705357068447284,
        "sharpe": 3.0888592385390377,
        "max_drawdown": 7.4101099228186005,
        "total_pnl": 740.275278066404
      },
      "bay60": {
        "n_trades": 0,
        "win_rate": 0.0,
        "profit_factor": 0.0,
        "sharpe": 0.0,
        "max_drawdown": 0.0,
        "total_pnl": 0.0
      },
      "bay55": {
        "n_trades": 16,
        "win_rate": 43.75,
        "profit_factor": 3.333915170143888,
        "sharpe": 6.900122107013364,
        "max_drawdown": 1.1952054067418751,
        "total_pnl": 6.4255000845625
      }
    },
    {
      "coin": "ETH",
      "strategy": "vwap_rev",
      "train_trades": 1589,
      "model_cells": 24,
      "binary": {
        "n_trades": 1691,
        "win_rate": 44.58900059136606,
        "profit_factor": 1.4863487749453757,
        "sharpe": 2.2481051414169366,
        "max_drawdown": 5.003564824924175,
        "total_pnl": 262.54909872395757
      },
      "bay60": {
        "n_trades": 130,
        "win_rate": 46.15384615384615,
        "profit_factor": 1.3976391848437095,
        "sharpe": 1.9914610644960866,
        "max_drawdown": 2.6795138495704287,
        "total_pnl": 8.352343287555723
      },
      "bay55": {
        "n_trades": 174,
        "win_rate": 39.6551724137931,
        "profit_factor": 1.343699515913395,
        "sharpe": 1.7738337420741381,
        "max_drawdown": 3.24706525432647,
        "total_pnl": 10.985594800433446
      }
    },
    {
      "coin": "DOT",
      "strategy": "vwap_rev",
      "train_trades": 1861,
      "model_cells": 22,
      "binary": {
        "n_trades": 1866,
        "win_rate": 41.854233654876744,
        "profit_factor": 1.7179989052248483,
        "sharpe": 3.0275710323298783,
        "max_drawdown": 4.393804083116192,
        "total_pnl": 882.2386277962358
      },
      "bay60": {
        "n_trades": 0,
        "win_rate": 0.0,
        "profit_factor": 0.0,
        "sharpe": 0.0,
        "max_drawdown": 0.0,
        "total_pnl": 0.0
      },
      "bay55": {
        "n_trades": 0,
        "win_rate": 0.0,
        "profit_factor": 0.0,
        "sharpe": 0.0,
        "max_drawdown": 0.0,
        "total_pnl": 0.0
      }
    },
    {
      "coin": "XRP",
      "strategy": "vwap_rev",
      "train_trades": 1725,
      "model_cells": 19,
      "binary": {
        "n_trades": 1793,
        "win_rate": 42.05242610150586,
        "profit_factor": 1.3589312048674038,
        "sharpe": 1.7625320925238985,
        "max_drawdown": 5.62366296169896,
        "total_pnl": 190.70781028201594
      },
      "bay60": {
        "n_trades": 0,