{
  "without_nn": {
    "Baseline": {
      "wr": 49.53366268636877,
      "signals": 225695,
      "pnl": 221485.0
    },
    "Time-of-Day": {
      "wr": 49.90655462184874,
      "signals": 74375,
      "pnl": 74097.0
    },
    "Liquidity": {
      "wr": 51.44601674986592,
      "signals": 48478,
      "pnl": 51286.0
    }
  },
  "with_nn": {
    "Baseline + NN": {
      "wr": 55.28412108337759,
      "signals": 3766,
      "pnl": 4562.0
    },
    "Time-of-Day + NN": {
      "wr": 54.741013303141806,
      "signals": 3533,
      "pnl": 4207.0
    },
    "Liquidity + NN": {
      "wr": 57.071576049552654,
      "signals": 5812,
      "pnl": 7460.0
    }
  }
}