{
  "version": "v2_full_year",
  "without_nn": {
    "Baseline": {
      "wr": 49.53366268636877,
      "signals": 225695,
      "pnl": 14068.651877513348
    },
    "Time-of-Day": {
      "wr": 49.90655462184874,
      "signals": 74375,
      "pnl": 5624.475417511158
    },
    "Liquidity": {
      "wr": 51.44601674986592,
      "signals": 48478,
      "pnl": 3938.917064153176
    }
  },
  "with_nn": {
    "Baseline + NN": {
      "wr": 55.74970484061394,
      "signals": 4235,
      "pnl": 393.74077794845533
    },
    "Time-of-Day + NN": {
      "wr": 55.060175054704594,
      "signals": 3656,
      "pnl": 397.76131931201445
    },
    "Liquidity + NN": {
      "wr": 57.225130890052355,
      "signals": 5730,
      "pnl": 534.638521241305
    }
  },
  "best": "Liquidity + NN"
}