{
  "without_nn": {
    "Baseline": {
      "wr": 49.53366268636877,
      "signals": 225695,
      "pnl": -113877.52824762004
    },
    "Time-of-Day": {
      "wr": 49.90655462184874,
      "signals": 74375,
      "pnl": -37243.24527419474
    },
    "Liquidity": {
      "wr": 51.44601674986592,
      "signals": 48478,
      "pnl": -23521.228840189746
    }
  },
  "with_nn": {
    "Baseline + NN": {
      "wr": 55.28412108337759,
      "signals": 3766,
      "pnl": -1677.4333106138363
    },
    "Time-of-Day + NN": {
      "wr": 54.741013303141806,
      "signals": 3533,
      "pnl": -1590.171790691091
    },
    "Liquidity + NN": {
      "wr": 57.071576049552654,
      "signals": 5812,
      "pnl": -2485.980255609283
    }
  }
}