{
  "coins": [
    {
      "baseline": {
        "avg_loss": 0.499539344012322,
        "avg_win": 1.4937668694923776,
        "breakeven_wr": 25.06084316739347,
        "pf": 1.2073995995265698,
        "pnl": 54.91025774483703,
        "t": 744,
        "wr": 28.763440860215056
      },
      "best_config": {
        "atr_mult": 0.75,
        "atr_period": 14,
        "trail_act": 0.0,
        "trail_pct": 0.003,
        "train_pf": 1.2164085547611547,
        "train_wr": 37.797416723317475
      },
      "best_oos": {
        "avg_loss": 0.4530171345726286,
        "avg_win": 0.9846089642924913,
        "breakeven_wr": 31.511471232349358,
        "max_dd": 18.742091588224753,
        "pf": 1.2924324596788368,
        "pnl": 69.28542651348012,
        "t": 834,
        "wr": 37.29016786570744
      },
      "coin": "DASH",
      "pf_delta": 0.08503286015226696,
      "strategy": "mean_rev",
      "wr_above_44": false,
      "wr_delta": 8.526727005492383
    },
    {
      "baseline": {
        "avg_loss": 0.4629206803439181,
        "avg_win": 0.6493524764737583,
        "breakeven_wr": 41.61933401938603,
        "pf": 0.7572403987422509,
        "pnl": -94.51026785014705,
        "t": 1295,
        "wr": 35.057915057915054
      },
      "best_config": {
        "atr_mult": 1.5,
        "atr_period": 7,
        "trail_act": 0.0,
        "trail_pct": 0.003,
        "train_pf": 0.7159766493940055,
        "train_wr": 36.015701668302256
      },
      "best_oos": {
        "avg_loss": 0.4339992734417055,
        "avg_win": 0.5555712791607,
        "breakeven_wr": 43.85733511373795,
        "max_dd": 137.37084978831172,
        "pf": 0.6957175531490688,
        "pnl": -127.56837658532055,
        "t": 1491,
        "wr": 35.2112676056338
      },
      "coin": "UNI",
      "pf_delta": -0.06152284559318211,
      "strategy": "vwap_rev",
      "wr_above_44": false,
      "wr_delta": 0.15335254771874673
    },
    {
      "baseline": {
        "avg_loss": 0.47291188472865764,
        "avg_win": 0.6809509630982221,
        "breakeven_wr": 40.98510369922329,
        "pf": 0.8096234029985947,
        "pnl": -74.45593082992505,
        "t": 1292,
        "wr": 35.9907120743034
      },
      "best_config": {
        "atr_mult": 1.5,
        "atr_period": 7,
        "trail_act": 0.0,
        "trail_pct": 0.003,
        "train_pf": 0.7707163045639164,
        "train_wr": 37.45466534784042
      },
      "best_oos": {
        "avg_loss": 0.44203325604065496,
        "avg_win": 0.5539696480810526,
        "breakeven_wr": 44.38071959543607,
        "max_dd": 104.33438995386652,
        "pf": 0.7652590950277474,
        "pnl": -95.66975019985303,
        "t": 1485,
        "wr": 37.91245791245792
      },
      "coin": "NEAR",
      "pf_delta": -0.04436430797084734,
      "strategy": "vwap_rev",
      "wr_above_44": false,
      "wr_delta": 1.9217458381545143
    },
    {
      "baseline": {
        "avg_loss": 0.4519284645343571,
        "avg_win": 0.5562454678368612,
        "breakeven_wr": 44.82643817931539,
        "pf": 0.7096245814840964,
        "pnl": -106.29542279301361,
        "t": 1277,
        "wr": 36.57008613938919
      },
      "best_config": {
        "atr_mult": 2.0,
        "atr_period": 14,
        "trail_act": 0.0,
        "trail_pct": 0.0075,
        "train_pf": 0.6673699198919009,
        "train_wr": 45.75835475578406
      },
      "best_oos": {
        "avg_loss": 0.6641085869335244,
        "avg_win": 0.5332239683048482,
        "breakeven_wr": 55.4656752652407,
        "max_dd": 150.84604571287585,
        "pf": 0.6116792041595386,
        "pnl": -147.25357692643442,
        "t": 1006,
        "wr": 43.240556660039765
      },
      "coin": "ADA",
      "pf_delta": -0.09794537732455777,
      "strategy": "vwap_rev",
      "wr_above_44": false,
      "wr_delta": 6.670470520650575
    },
    {
      "baseline": {
        "avg_loss": 0.429886787556735,
        "avg_win": 0.45844564640193725,
        "breakeven_wr": 48.39255791224826,
        "pf": 0.596677534420572,
        "pnl": -126.74297232558219,
        "t": 1140,
        "wr": 35.877192982456144
      },
      "best_config": {
        "atr_mult": 2.0,
        "atr_period": 21,
        "trail_act": 0.0,
        "trail_pct": 0.01,
        "train_pf": 0.6127195135704512,
        "train_wr": 48.517846339987905
      },
      "best_oos": {
        "avg_loss": 0.6645583594947885,
        "avg_win": 0.4399115838467616,
        "breakeven_wr": 60.16989086042318,
        "max_dd": 150.80567439892607,
        "pf": 0.5183012227743748,
        "pnl": -150.4549661069429,
        "t": 838,
        "wr": 43.914081145584724
      },
      "coin": "LTC",
      "pf_delta": -0.07837631164619718,
      "strategy": "vwap_rev",
      "wr_above_44": false,
      "wr_delta": 8.03688816312858
    },
    {
      "baseline": {
        "avg_loss": 0.44694409250317607,
        "avg_win": 0.5300560951603104,
        "breakeven_wr": 45.74657181715092,
        "pf": 0.5778105480575536,
        "pnl": -154.9186618809819,
        "t": 1221,
        "wr": 32.76003276003276
      },
      "best_config": {
        "atr_mult": 1.0,
        "atr_period": 7,
        "trail_act": 0.0,
        "trail_pct": 0.003,
        "train_pf": 0.5664299518304946,
        "train_wr": 34.460662157351365
      },
      "best_oos": {
        "avg_loss": 0.4197480480753221,
        "avg_win": 0.4732859221857583,
        "breakeven_wr": 47.002472700182715,
        "max_dd": 207.75397028502033,
        "pf": 0.5039191689854194,
        "pnl": -205.93844194038843,
        "t": 1431,
        "wr": 30.887491264849753
      },
      "coin": "SHIB",
      "pf_delta": -0.07389137907213417,
      "strategy": "vwap_rev",
      "wr_above_44": false,
      "wr_delta": -1.872541495183004
    },
    {
      "baseline": {
        "avg_loss": 0.44347293753861017,
        "avg_win": 0.5547038269933036,
        "breakeven_wr": 44.428297000739434,
        "pf": 0.7661898702436885,
        "pnl": -76.00364489580706,
        "t": 1182,
        "wr": 37.98646362098139
      },
      "best_config": {
        "atr_mult": 0.75,
        "atr_period": 21,
        "trail_act": 0.0,
        "trail_pct": 0.003,
        "train_pf": 0.6395942928585594,
        "train_wr": 36.15279672578445
      },
      "best_oos": {
        "avg_loss": 0.4254725871013241,
        "avg_win": 0.5016976447440706,
        "breakeven_wr": 45.889370957745705,
        "max_dd": 134.32752583995045,
        "pf": 0.6558215306272198,
        "pnl": -130.33026837186398,
        "t": 1385,
        "wr": 35.74007220216607
      },
      "coin": "LINK",
      "pf_delta": -0.11036833961646864,
      "strategy": "vwap_rev",
      "wr_above_44": false,
      "wr_delta": -2.246391418815321
    },
    {
      "baseline": {
        "avg_loss": 0.41956538662757425,
        "avg_win": 0.5540673518914614,
        "breakeven_wr": 43.09277718678225,
        "pf": 0.6187937903063797,
        "pnl": -117.07676131261447,
        "t": 1075,
        "wr": 31.906976744186043
      },
      "best_config": {
        "atr_mult": 2.0,
        "atr_period": 14,
        "trail_act": 0.0,
        "trail_pct": 0.0075,
        "train_pf": 0.4836734009677985,
        "train_wr": 39.51473136915078
      },
      "best_oos": {
        "avg_loss": 0.5786248237381543,
        "avg_win": 0.5020783783668882,
        "breakeven_wr": 53.54151099127704,
        "max_dd": 147.06249840228696,
        "pf": 0.5338511416677053,
        "pnl": -145.1122119316875,
        "t": 869,
        "wr": 38.089758342922906
      },
      "coin": "ETH",
      "pf_delta": -0.0849426486386744,
      "strategy": "vwap_rev",
      "wr_above_44": false,
      "wr_delta": 6.182781598736863
    },
    {
      "baseline": {
        "avg_loss": 0.4647595644222069,
        "avg_win": 0.5856413245686932,
        "breakeven_wr": 44.245922608528296,
        "pf": 0.7370672151657461,
        "pnl": -95.68301229012538,
        "t": 1241,