{
  "coins": [
    {
      "best_method": "intersection",
      "best_single": {
        "pf": 1.2414759550369285,
        "pnl": 29.46890453446013,
        "t": 339,
        "wr": 28.023598820058996
      },
      "coin": "DASH",
      "ensemble_beats_single": true,
      "equal_vote": {
        "pf": 1.2531109261400122,
        "pnl": 48.991657297354095,
        "t": 542,
        "wr": 28.59778597785978
      },
      "intersection": {
        "pf": 1.5041063653660973,
        "pnl": 47.14808534527907,
        "t": 255,
        "wr": 26.666666666666668
      },
      "pf_vote": {
        "pf": 1.2531109261400122,
        "pnl": 48.991657297354095,
        "t": 542,
        "wr": 28.59778597785978
      },
      "top3_strategies": [
        "bb_bounce",
        "dual_rsi",
        "mean_rev"
      ],
      "top3_train_pf": [
        1.2648230160493037,
        1.2520567895329753,
        1.1088337345918635
      ],
      "union": {
        "pf": 1.0727927523291085,
        "pnl": 20.794710521297272,
        "t": 849,
        "wr": 32.27326266195524
      }
    },
    {
      "best_method": "best_single",
      "best_single": {
        "pf": 0.9506703155492531,
        "pnl": -5.946010244407392,
        "t": 346,
        "wr": 30.346820809248555
      },
      "coin": "UNI",
      "ensemble_beats_single": false,
      "equal_vote": {
        "pf": 0.9291007528449162,
        "pnl": -11.537820280243851,
        "t": 485,
        "wr": 32.577319587628864
      },
      "intersection": {
        "pf": 0.9313853196675584,
        "pnl": -6.383079620498143,
        "t": 254,
        "wr": 26.77165354330709
      },
      "pf_vote": {
        "pf": 0.9291007528449162,
        "pnl": -11.537820280243851,
        "t": 485,
        "wr": 32.577319587628864
      },
      "top3_strategies": [
        "bb_bounce",
        "dual_rsi",
        "mean_rev"
      ],
      "top3_train_pf": [
        1.1094495700806466,
        0.9517498200513653,
        0.9421517346346376
      ],
      "union": {
        "pf": 0.8544922753940568,
        "pnl": -33.55557791485311,
        "t": 763,
        "wr": 36.82830930537352
      }
    },
    {
      "best_method": "intersection",
      "best_single": {
        "pf": 1.2290463770828899,
        "pnl": 25.68747901786776,
        "t": 343,
        "wr": 34.40233236151604
      },
      "coin": "NEAR",
      "ensemble_beats_single": true,
      "equal_vote": {
        "pf": 1.0949695535348563,
        "pnl": 11.135061797060859,
        "t": 353,
        "wr": 32.86118980169972
      },
      "intersection": {
        "pf": 1.290503026338923,
        "pnl": 10.204379219079229,
        "t": 107,
        "wr": 33.64485981308411
      },
      "pf_vote": {
        "pf": 1.0949695535348563,
        "pnl": 11.135061797060859,
        "t": 353,
        "wr": 32.86118980169972
      },
      "top3_strategies": [
        "bb_bounce",
        "dual_rsi",
        "adr_rev"
      ],
      "top3_train_pf": [
        1.063266947074842,
        0.9277463843365278,
        0.9260039476148947
      ],
      "union": {
        "pf": 0.92583004217321,
        "pnl": -15.716420691208851,
        "t": 693,
        "wr": 36.21933621933622
      }
    },
    {
      "best_method": "intersection",
      "best_single": {
        "pf": 0.883911768410792,
        "pnl": -12.959593762656247,
        "t": 343,
        "wr": 32.94460641399417
      },
      "coin": "ADA",
      "ensemble_beats_single": true,
      "equal_vote": {
        "pf": 0.8430027466816662,
        "pnl": -19.153759587175045,
        "t": 363,
        "wr": 30.853994490358126
      },
      "intersection": {
        "pf": 0.9732413803311398,
        "pnl": -1.0572825665630465,
        "t": 122,
        "wr": 35.24590163934426
      },
      "pf_vote": {
        "pf": 0.8430027466816662,
        "pnl": -19.153759587175045,
        "t": 363,
        "wr": 30.853994490358126
      },
      "top3_strategies": [
        "bb_bounce",
        "dual_rsi",
        "adr_rev"
      ],
      "top3_train_pf": [
        0.9784050800338688,
        0.9405226526857093,
        0.9273907247654725
      ],
      "union": {
        "pf": 0.727745767151329,
        "pnl": -55.286868676504206,
        "t": 686,
        "wr": 34.11078717201166
      }
    },
    {
      "best_method": "best_single",
      "best_single": {
        "pf": 0.8296310856560037,
        "pnl": -18.04288132918611,
        "t": 331,
        "wr": 34.13897280966767
      },
      "coin": "LTC",
      "ensemble_beats_single": false,
      "equal_vote": {
        "pf": 0.7956440068177856,
        "pnl": -27.079041258034415,
        "t": 421,
        "wr": 34.441805225653205
      },
      "intersection": {
        "pf": 0.7652684956977696,
        "pnl": -12.224121354085955,
        "t": 155,
        "wr": 32.25806451612903
      },
      "pf_vote": {
        "pf": 0.7956440068177856,
        "pnl": -27.079041258034415,
        "t": 421,
        "wr": 34.441805225653205
      },
      "top3_strategies": [
        "bb_bounce",
        "mean_rev",
        "adr_rev"
      ],
      "top3_train_pf": [
        0.9962781362473826,
        0.9129216927466333,
        0.7952983766572115
      ],
      "union": {
        "pf": 0.7141416091363306,
        "pnl": -58.56629092886427,
        "t": 684,
        "wr": 34.7953216374269
      }
    },
    {
      "best_method": "intersection",
      "best_single": {
        "pf": 0.7981240938580615,
        "pnl": -22.229774469167673,
        "t": 329,
        "wr": 32.52279635258359
      },
      "coin": "SHIB",
      "ensemble_beats_single": true,
      "equal_vote": {
        "pf": 0.6597728936684573,
        "pnl": -55.40302071793938,
        "t": 471,
        "wr": 30.148619957537154
      },
      "intersection": {
        "pf": 0.8312168340003794,
        "pnl": -15.245668600306791,
        "t": 257,
        "wr": 29.571984435797667
      },
      "pf_vote": {
        "pf": 0.6597728936684573,
        "pnl": -55.40302071793938,
        "t": 471,
        "wr": 30.148619957537154
      },
      "top3_strategies": [
        "bb_bounce",
        "mean_rev",
        "dual_rsi"
      ],
      "top3_train_pf": [
        1.0514654812858155,
        0.9227398868996189,
        0.8774221778791478
      ],
      "union": {
        "pf": 0.659850727036279,
        "pnl": -75.78653467276652,
        "t": 733,
        "wr": 34.78854024556617
      }
    },
    {
      "best_method": "intersection",
      "best_single": {
        "pf": 1.1128437081386893,
        "pnl": 11.248174631508485,
        "t": 333,
        "wr": 39.33933933933934
      },
      "coin": "LINK",
      "ensemble_beats_single": true,
      "equal_vote": {
        "pf": 0.9884365546289654,
        "pnl": -1.4614503456153254,
        "t": 410,
        "wr": 37.073170731707314
      },
      "intersection": {
        "pf": 1.4896243993560996,
        "pnl": 18.68092541593261,
        "t": 144,
        "wr": 45.83333333333333
      },
      "pf_vote": {
        "pf": 0.9884365546289654,
        "pnl": -1.4614503456153254,
        "t": 410,
        "wr": 37.073170731707314
      },
      "top3_strategies": [
        "bb_bounce",
        "mean_rev",
        "adr_rev"
      ],
      "top3_train_pf": [
        1.0613640277123753,
        0.903046044478011,
        0.853326377663976
      ],
      "union": {
        "pf": 0.8788533846931299,
        "pnl": -25.082242778516047,
        "t": 691,
        "wr": 36.03473227206946
      }
    },
    {
      "best_method": "pf_vote",
      "best_single": {
        "pf": 0.7694325567040224,
        "pnl": -24.6771496265235,
        "t": 333,
        "wr": 32.13213213213213
      },
      "coin": "ETH",
      "ensemble_beats_single": true,
      "equal_vote": {
        "pf": 0.7942801980949509,
        "pnl": -24.74828343969244,
        "t": 389,
        "wr": 33.933161953727506
      },
      "intersection": {
        "pf": 0.6708622705248584,
        "pnl": -13.7875436656883,
        "t": 122,