{
  "best_config": "T0.70_MS3_MC1_CD4",
  "threshold": 0.7,
  "min_size": 3,
  "max_coins": 1,
  "cooldown": 4,
  "windows": [
    {
      "window": 1,
      "train_pnl_baseline": 124.71597427397707,
      "train_pnl_best": 125.37972011146543,
      "train_delta": 0.6637458374883636,
      "test_pnl_baseline": 42.89002034169336,
      "test_pnl_best": 43.83049809343149,
      "test_delta": 0.9404777517381291,
      "pass": true
    },
    {
      "window": 2,
      "train_pnl_baseline": 92.39659800104718,
      "train_pnl_best": 94.46318475673323,
      "train_delta": 2.066586755686046,
      "test_pnl_baseline": 52.46660284491797,
      "test_pnl_best": 50.553145842915825,
      "test_delta": -1.913457002002147,
      "pass": false
    },
    {
      "window": 3,
      "train_pnl_baseline": 96.37283240574584,
      "train_pnl_best": 95.37594161607441,
      "train_delta": -0.9968907896714256,
      "test_pnl_baseline": 57.10178329061007,
      "test_pnl_best": 55.586495202848866,
      "test_delta": -1.5152880877612063,
      "pass": false
    }
  ]
}