{
  "optimized_params": {
    "combo_key": "none_0.003_0.0_0.0",
    "trail_mode": "none",
    "initial_sl": 0.003,
    "trail_activation": 0.0,
    "trail_distance": 0.0,
    "avg_wr": 49.58237888284062,
    "avg_pf": 2.623622735087667,
    "avg_pnl": 18.634188042304245
  },
  "portfolio_current": {
    "avg_wr": 59.51172719382756,
    "avg_pf": 2.318786239995953,
    "avg_pnl": 17.041085573897686,
    "avg_dd": 1.670915710236769,
    "total_trades": 2578,
    "total_pnl": 306.7395403301583
  },
  "portfolio_optimized": {
    "avg_wr": 49.58237888284062,
    "avg_pf": 2.623622735087667,
    "avg_pnl": 18.634188042304245,
    "avg_dd": 1.0673249675347865,
    "total_trades": 2686,
    "total_pnl": 335.41538476147645
  },
  "coins_better": 10,
  "coins_worse": 8,
  "per_coin_current": {
    "DASH": {
      "pnl": 74.27701659895195,
      "max_dd": 3.4436898593213945,
      "all": {
        "pf": 2.3542894548858917,
        "wr": 36.74242424242424,
        "trades": 264,
        "wins": 97
      },
      "long": {
        "pf": 2.1615511975143047,
        "wr": 41.23711340206185,
        "trades": 97,
        "wins": 40
      },
      "short": {
        "pf": 2.4541629155238964,
        "wr": 34.13173652694611,
        "trades": 167,
        "wins": 57
      }
    },
    "UNI": {
      "pnl": 24.759838591060216,
      "max_dd": 3.098535084253683,
      "all": {
        "pf": 2.177704770380412,
        "wr": 45.714285714285715,
        "trades": 140,
        "wins": 64
      },
      "long": {
        "pf": 3.5272204042938555,
        "wr": 56.75675675675676,
        "trades": 37,
        "wins": 21
      },
      "short": {
        "pf": 1.8178339346701606,
        "wr": 41.74757281553398,
        "trades": 103,
        "wins": 43
      }
    },
    "NEAR": {
      "pnl": 23.034358717411777,
      "max_dd": 0.9962562460937359,
      "all": {
        "pf": 3.3903641279191605,
        "wr": 52.702702702702695,
        "trades": 74,
        "wins": 39
      },
      "long": {
        "pf": 2.879916270090393,
        "wr": 54.166666666666664,
        "trades": 24,
        "wins": 13
      },
      "short": {
        "pf": 3.624319396090679,
        "wr": 52.0,
        "trades": 50,
        "wins": 26
      }
    },
    "ADA": {
      "pnl": 4.252006322911228,
      "max_dd": 2.1732528590469467,
      "all": {
        "pf": 1.3586710611929467,
        "wr": 51.041666666666664,
        "trades": 96,
        "wins": 49
      },
      "long": {
        "pf": 0.5080123035797419,
        "wr": 40.0,
        "trades": 10,
        "wins": 4
      },
      "short": {
        "pf": 1.4831577086485377,
        "wr": 52.32558139534884,
        "trades": 86,
        "wins": 45
      }
    },
    "LTC": {
      "pnl": 11.439967165859997,
      "max_dd": 0.7852979607418313,
      "all": {
        "pf": 3.562654766063564,
        "wr": 69.64285714285714,
        "trades": 56,
        "wins": 39
      },
      "long": {
        "pf": 3.921605194773845,
        "wr": 75.0,
        "trades": 32,
        "wins": 24
      },
      "short": {
        "pf": 3.243587718321093,
        "wr": 62.5,
        "trades": 24,
        "wins": 15
      }
    },
    "SHIB": {
      "pnl": 4.641287249703069,
      "max_dd": 1.351600892557087,
      "all": {
        "pf": 1.8732838707557034,
        "wr": 51.162790697674424,
        "trades": 43,
        "wins": 22
      },
      "long": {
        "pf": 1.738482697266274,
        "wr": 54.54545454545454,
        "trades": 22,
        "wins": 12
      },
      "short": {
        "pf": 1.9958303921097305,
        "wr": 47.61904761904761,
        "trades": 21,
        "wins": 10
      }
    },
    "LINK": {
      "pnl": 10.912057174671276,
      "max_dd": 0.4993750000000036,
      "all": {
        "pf": 3.923804728416308,
        "wr": 72.22222222222221,
        "trades": 54,
        "wins": 39
      },
      "long": {
        "pf": 6.4287107354109185,
        "wr": 84.61538461538461,
        "trades": 13,
        "wins": 11
      },
      "short": {
        "pf": 3.513878039364331,
        "wr": 68.29268292682927,
        "trades": 41,
        "wins": 28
      }
    },
    "ETH": {
      "pnl": 6.7253197054120335,
      "max_dd": 0.4993749999999937,
      "all": {
        "pf": 4.73478527975267,
        "wr": 80.0,
        "trades": 35,
        "wins": 28
      },
      "long": {
        "pf": 5.577160841417382,
        "wr": 78.57142857142857,
        "trades": 14,
        "wins": 11
      },
      "short": {
        "pf": 4.103003608504135,
        "wr": 80.95238095238095,
        "trades": 21,
        "wins": 17
      }
    },
    "DOT": {
      "pnl": 20.267002062818037,
      "max_dd": 1.0343024597425747,
      "all": {
        "pf": 2.957505510132872,
        "wr": 58.24175824175825,
        "trades": 91,
        "wins": 53
      },
      "long": {
        "pf": 2.9264103393146748,
        "wr": 63.1578947368421,
        "trades": 19,
        "wins": 12
      },
      "short": {
        "pf": 2.9645270003176285,
        "wr": 56.94444444444444,
        "trades": 72,
        "wins": 41
      }
    },
    "XRP": {
      "pnl": 2.904357549816737,
      "max_dd": 0.9962562460937435,
      "all": {
        "pf": 1.5247888835178014,
        "wr": 62.06896551724138,
        "trades": 58,
        "wins": 36
      },
      "long": {
        "pf": 1.1949951961927925,
        "wr": 57.14285714285714,
        "trades": 21,
        "wins": 12
      },
      "short": {
        "pf": 1.7531075901274222,
        "wr": 64.86486486486487,
        "trades": 37,
        "wins": 24
      }
    },
    "ATOM": {
      "pnl": 16.86197290423577,
      "max_dd": 3.262860375505075,
      "all": {
        "pf": 1.5429028773997442,
        "wr": 48.89867841409692,
        "trades": 227,
        "wins": 111
      },
      "long": {
        "pf": 1.0114755255591479,
        "wr": 41.509433962264154,
        "trades": 53,
        "wins": 22
      },
      "short": {
        "pf": 1.7367175586592543,
        "wr": 51.14942528735632,
        "trades": 174,
        "wins": 89
      }
    },
    "SOL": {
      "pnl": 4.665363191579445,
      "max_dd": 0.7481265624999943,
      "all": {
        "pf": 2.30761710054797,
        "wr": 73.07692307692307,
        "trades": 52,
        "wins": 38
      },
      "long": {
        "pf": 1.4903060123580263,
        "wr": 63.63636363636363,
        "trades": 22,
        "wins": 14
      },
      "short": {
        "pf": 3.39736521813456,
        "wr": 80.0,
        "trades": 30,
        "wins": 24
      }
    },
    "DOGE": {
      "pnl": 18.916773203387933,
      "max_dd": 2.2291777933149426,
      "all": {
        "pf": 1.7128884274129226,
        "wr": 60.95617529880478,
        "trades": 251,
        "wins": 153
      },
      "long": {
        "pf": 1.525745343407037,
        "wr": 62.721893491124256,
        "trades": 169,
        "wins": 106
      },
      "short": {
        "pf": 2.049745978623516,
        "wr": 57.3170731707317,
        "trades": 82,
        "wins": 47
      }
    },
    "XLM": {
      "pnl": 26.64217387432437,
      "max_dd": 1.9885276956324411,
      "all": {
        "pf": 1.9234108076072023,
        "wr": 58.46774193548387,
        "trades": 248,
        "wins": 145
      },
      "long": {
        "pf": 1.631147538576971,
        "wr": 58.18181818181818,
        "trades": 165,
        "wins": 96
      },
      "short": {
        "pf": 2.5165333241685524,
        "wr": 59.036144578313255,
        "trades": 83,
        "wins": 49
      }
    },
    "AVAX": {
      "pnl": 24.645061400587338,
      "max_dd": 1.6035897828357224,
      "all": {
        "pf": 1.778186565286179,
        "wr": 61.35593220338983,
        "trades": 295,
        "wins": 181
      },
      "long": {
        "pf": 1.6994792676119395,
        "wr": 61.111111111111114,
        "trades": 216,
        "wins": 132
      },
      "short": {
        "pf": 1.9985669987740493,
        "wr": 62.0253164556962,
        "trades": 79,