{
  "n_simulations": 100000,
  "per_coin": [
    {
      "coin": "DASH",
      "strategy": "mean_rev",
      "actual": {
        "n_trades": 2059,
        "win_rate": 34.38562408936377,
        "profit_factor": 2.2618328051654957,
        "sharpe": 3.81754538768151,
        "max_drawdown": 4.981847158036318,
        "total_pnl": 14790.412407826298
      },
      "mc": {
        "n_sims": 100000,
        "p5_pf": 2.2618328051654926,
        "p50_pf": 2.2618328051654975,
        "p95_pf": 2.261832805165502,
        "p5_wr": 34.38562408936377,
        "p50_wr": 34.38562408936377,
        "p95_wr": 34.38562408936377,
        "p5_dd": 4.846910652983018,
        "p50_dd": 6.28767051790506,
        "p95_dd": 8.90417536146486,
        "prob_profit": 1.0
      },
      "flagged": false,
      "fragile": false
    },
    {
      "coin": "UNI",
      "strategy": "vwap_rev",
      "actual": {
        "n_trades": 3901,
        "win_rate": 40.322994104075875,
        "profit_factor": 1.7335325364813852,
        "sharpe": 3.1215199670944966,
        "max_drawdown": 5.643966617420819,
        "total_pnl": 14827.951939722161
      },
      "mc": {
        "n_sims": 100000,
        "p5_pf": 1.7335325364813823,
        "p50_pf": 1.7335325364813863,
        "p95_pf": 1.73353253648139,
        "p5_wr": 40.322994104075875,
        "p50_wr": 40.322994104075875,
        "p95_wr": 40.322994104075875,
        "p5_dd": 5.377550460720091,
        "p50_dd": 6.926809008531692,
        "p95_dd": 9.710010656221035,
        "prob_profit": 1.0
      },
      "flagged": false,
      "fragile": false
    },
    {
      "coin": "NEAR",
      "strategy": "vwap_rev",
      "actual": {
        "n_trades": 3900,
        "win_rate": 39.23076923076923,
        "profit_factor": 1.7864453161500278,
        "sharpe": 3.2758176048630516,
        "max_drawdown": 6.4532850623309574,
        "total_pnl": 24128.708132429696
      },
      "mc": {
        "n_sims": 100000,
        "p5_pf": 1.7864453161500244,
        "p50_pf": 1.7864453161500282,
        "p95_pf": 1.7864453161500322,
        "p5_wr": 39.23076923076923,
        "p50_wr": 39.23076923076923,
        "p95_wr": 39.23076923076923,
        "p5_dd": 5.3932125871165875,
        "p50_dd": 6.915936061639052,
        "p95_dd": 9.691937215833525,
        "prob_profit": 1.0
      },
      "flagged": false,
      "fragile": false
    },
    {
      "coin": "ADA",
      "strategy": "vwap_rev",
      "actual": {
        "n_trades": 3737,
        "win_rate": 42.68129515654268,
        "profit_factor": 1.6818307685605791,
        "sharpe": 3.056200785757649,
        "max_drawdown": 6.147102899578252,
        "total_pnl": 7123.5064608275825
      },
      "mc": {
        "n_sims": 100000,
        "p5_pf": 1.681830768560575,
        "p50_pf": 1.6818307685605784,
        "p95_pf": 1.681830768560582,
        "p5_wr": 42.68129515654268,
        "p50_wr": 42.68129515654268,
        "p95_wr": 42.68129515654268,
        "p5_dd": 5.1409152438758605,
        "p50_dd": 6.648409645609672,
        "p95_dd": 9.372052643367846,
        "prob_profit": 1.0
      },
      "flagged": false,
      "fragile": false
    },
    {
      "coin": "LTC",
      "strategy": "vwap_rev",
      "actual": {
        "n_trades": 3426,
        "win_rate": 45.650904845300644,
        "profit_factor": 1.628693293952857,
        "sharpe": 2.8040565690986012,
        "max_drawdown": 7.41464448573922,
        "total_pnl": 2916.9273325304475
      },
      "mc": {
        "n_sims": 100000,
        "p5_pf": 1.6286932939528533,
        "p50_pf": 1.628693293952857,
        "p95_pf": 1.6286932939528604,
        "p5_wr": 45.650904845300644,
        "p50_wr": 45.650904845300644,
        "p95_wr": 45.650904845300644,
        "p5_dd": 4.921676749219108,
        "p50_dd": 6.4178459358116156,
        "p95_dd": 9.089544626135217,
        "prob_profit": 1.0
      },
      "flagged": false,
      "fragile": false
    },
    {
      "coin": "SHIB",
      "strategy": "vwap_rev",
      "actual": {
        "n_trades": 3631,
        "win_rate": 42.46763976865877,
        "profit_factor": 1.525468499580741,
        "sharpe": 2.4417892369728236,
        "max_drawdown": 7.045819708177234,
        "total_pnl": 2352.163237482792
      },
      "mc": {
        "n_sims": 100000,
        "p5_pf": 1.5254684995807404,
        "p50_pf": 1.5254684995807433,
        "p95_pf": 1.5254684995807464,
        "p5_wr": 42.46763976865877,
        "p50_wr": 42.46763976865877,
        "p95_wr": 42.46763976865877,
        "p5_dd": 5.753477494104839,
        "p50_dd": 7.529002750916853,
        "p95_dd": 10.797951143628302,
        "prob_profit": 1.0
      },
      "flagged": false,
      "fragile": false
    },
    {
      "coin": "LINK",
      "strategy": "vwap_rev",
      "actual": {
        "n_trades": 3688,
        "win_rate": 42.326464208242946,
        "profit_factor": 1.6917814521088637,
        "sharpe": 3.124402314129992,
        "max_drawdown": 7.410109922818621,
        "total_pnl": 7417.980761994947
      },
      "mc": {
        "n_sims": 100000,
        "p5_pf": 1.691781452108857,
        "p50_pf": 1.6917814521088606,
        "p95_pf": 1.691781452108864,
        "p5_wr": 42.326464208242946,
        "p50_wr": 42.326464208242946,
        "p95_wr": 42.326464208242946,
        "p5_dd": 5.12401261026008,
        "p50_dd": 6.614222705567728,
        "p95_dd": 9.325867809138629,
        "prob_profit": 1.0
      },
      "flagged": false,
      "fragile": false
    },
    {
      "coin": "ETH",
      "strategy": "vwap_rev",
      "actual": {
        "n_trades": 3280,
        "win_rate": 45.670731707317074,
        "profit_factor": 1.4739916939944404,
        "sharpe": 2.2907513054396564,
        "max_drawdown": 5.003564824924172,
        "total_pnl": 1013.0975009553248
      },
      "mc": {
        "n_sims": 100000,
        "p5_pf": 1.4739916939944344,
        "p50_pf": 1.4739916939944377,
        "p95_pf": 1.473991693994441,
        "p5_wr": 45.670731707317074,
        "p50_wr": 45.670731707317074,
        "p95_wr": 45.670731707317074,
        "p5_dd": 5.486157962691398,
        "p50_dd": 7.239209510640075,
        "p95_dd": 10.434181890695616,
        "prob_profit": 1.0
      },
      "flagged": false,
      "fragile": false
    },
    {
      "coin": "DOT",
      "strategy": "vwap_rev",
      "actual": {
        "n_trades": 3727,
        "win_rate": 41.80305876039711,
        "profit_factor": 1.639851849744521,
        "sharpe": 2.8794233682308223,
        "max_drawdown": 7.061076557224978,
        "total_pnl": 5745.64824997322
      },
      "mc": {
        "n_sims": 100000,
        "p5_pf": 1.6398518497445154,
        "p50_pf": 1.6398518497445187,
        "p95_pf": 1.639851849744522,
        "p5_wr": 41.80305876039711,
        "p50_wr": 41.80305876039711,
        "p95_wr": 41.80305876039711,
        "p5_dd": 5.345448607851725,
        "p50_dd": 6.933653316505294,
        "p95_dd": 9.787886807908633,
        "prob_profit": 1.0
      },
      "flagged": false,
      "fragile": false
    },
    {
      "coin": "XRP",
      "strategy": "vwap_rev",
      "actual": {
        "n_trades": 3518,
        "win_rate": 42.15463331438317,
        "profit_factor": 1.3883343409704616,
        "sharpe": 1.9003148741930174,
        "max_drawdown": 5.62366296169898,
        "total_pnl": 872.4505317216003
      },
      "mc": {
        "n_sims": 100000,
        "p5_pf": 1.388334340970457,
        "p50_pf": 1.38833434097046,
        "p95_pf": 1.388334340970463,
        "p5_wr": 42.15463331438317,
        "p50_wr": 42.15463331438317,
        "p95_wr": 42.15463331438317,
        "p5_dd": 6.605607835316657,
        "p50_dd": 8.77763856708184,
        "p95_dd": 12.706108988283074,
        "prob_profit": 1.0
      },
      "flagged": false,
      "fragile": false
    },
    {
      "coin": "ATOM",
      "strategy": "vwap_rev",
      "actual": {
        "n_trades": 3676,
        "win_rate": 42.38302502720348,