{
  "best_config": "SL1.0_SZ-0.5",
  "sl_mult": 1.0,
  "sat_z_exit": -0.5,
  "windows": [
    {
      "window": 1,
      "train_pnl_baseline": 7.147849342167916,
      "train_pnl_best": 7.147849342167916,
      "train_delta": 0.0,
      "test_pnl_baseline": 2.9211317658044464,
      "test_pnl_best": 2.9211317658044464,
      "test_delta": 0.0,
      "test_wr_baseline": 70.0,
      "test_wr_best": 70.0,
      "test_trades": 200,
      "pass": false
    },
    {
      "window": 2,
      "train_pnl_baseline": 5.635308669485937,
      "train_pnl_best": 5.635308669485937,
      "train_delta": 0.0,
      "test_pnl_baseline": 3.401924145637281,
      "test_pnl_best": 3.401924145637281,
      "test_delta": 0.0,
      "test_wr_baseline": 56.36363636363636,
      "test_wr_best": 56.36363636363636,
      "test_trades": 165,
      "pass": false
    },
    {
      "window": 3,
      "train_pnl_baseline": 6.337272103375213,
      "train_pnl_best": 6.337272103375213,
      "train_delta": 0.0,
      "test_pnl_baseline": 2.0822635999666517,
      "test_pnl_best": 2.0822635999666517,
      "test_delta": 0.0,
      "test_wr_baseline": 61.904761904761905,
      "test_wr_best": 61.904761904761905,
      "test_trades": 147,
      "pass": false
    }
  ]
}